sample_id	reasons	token_count	char_count	compression_ratio	same_token_run	repeated_ngram_span	repeated_ngram_n	repeated_ngram_repeats	repeated_ngram_example	char_run	char_run_token	relative_md_path	md_path
notes_1ba14cb325bc448f7201b20502ecf2b5_78	repeated_ngram_span=5271(n=7,rep=753);low_entropy_repeated_ngram=5271;very_low_compression=0.031	13517	18446	0.0313277239773509	2	5271	7	753	> < td > < / td	0		notes_1ba14cb325bc448f7201b20502ecf2b5_78/vlm/945e35ad01b40de2.md	/mnt/sas-server-1/outputs/omnidocbench-v1.5/mineru2.5_trim_ptv4_ftv1_0529/notes_1ba14cb325bc448f7201b20502ecf2b5_78/vlm/945e35ad01b40de2.md
scihub_journal.pone.0166577.pdf_5	repeated_ngram_span=3780(n=7,rep=540);low_entropy_repeated_ngram=3780;very_low_compression=0.032	7624	10074	0.03228049264998013	1	3780	7	540	> < td > < / td	0		scihub_journal.pone.0166577.pdf_5/vlm/514f39e747be4fe9.md	/mnt/sas-server-1/outputs/omnidocbench-v1.5/mineru2.5_trim_ptv4_ftv1_0529/scihub_journal.pone.0166577.pdf_5/vlm/514f39e747be4fe9.md
color_textbook_zhonggaokao_小学_13.人教新起点英语（4-5年级）_人教新起点四年级英语下册_课本_人教新起点英语4B电子课本_page_048	repeated_ngram_span=1090(n=2,rep=545);low_entropy_repeated_ngram=1090	1619	1966	0.1344279117496152	1	1090	2	545	\ _	0		color_textbook_zhonggaokao_小学_13.人教新起点英语（4-5年级）_人教新起点四年级英语下册_课本_人教新起点英语4B电子课本_page_048/vlm/8bb6a7f9551427e7.md	/mnt/sas-server-1/outputs/omnidocbench-v1.5/mineru2.5_trim_ptv4_ftv1_0529/color_textbook_zhonggaokao_小学_13.人教新起点英语（4-5年级）_人教新起点四年级英语下册_课本_人教新起点英语4B电子课本_page_048/vlm/8bb6a7f9551427e7.md
scihub_j.1528-1167.2008.01552.x.pdf_3	same_token_run=552;repeated_ngram_span=552(n=1,rep=552);low_entropy_repeated_ngram=552;very_low_compression=0.099	4116	20423	0.09879327157484154	552	552	1	552	Emp	0		scihub_j.1528-1167.2008.01552.x.pdf_3/vlm/0e030589f920c1d3.md	/mnt/sas-server-1/outputs/omnidocbench-v1.5/mineru2.5_trim_ptv4_ftv1_0529/scihub_j.1528-1167.2008.01552.x.pdf_3/vlm/0e030589f920c1d3.md
newspaper_The Wall Street Journal - 2025-01-08@magazinesclubnew_page_018	same_token_run=53;repeated_ngram_span=450(n=9,rep=50)	7247	17535	0.3470772740233818	53	450	9	50	B . . . . . . C 1	53	.	newspaper_The Wall Street Journal - 2025-01-08@magazinesclubnew_page_018/vlm/c65e0039aa378121.md	/mnt/sas-server-1/outputs/omnidocbench-v1.5/mineru2.5_trim_ptv4_ftv1_0529/newspaper_The Wall Street Journal - 2025-01-08@magazinesclubnew_page_018/vlm/c65e0039aa378121.md
jiaocaineedrop_jiaocai_needrop_en_429	repeated_ngram_span=444(n=2,rep=222)	1015	2169	0.3789836347975883	1	444	2	222	\ _	0		jiaocaineedrop_jiaocai_needrop_en_429/vlm/b58aa1e50be2cd0e.md	/mnt/sas-server-1/outputs/omnidocbench-v1.5/mineru2.5_trim_ptv4_ftv1_0529/jiaocaineedrop_jiaocai_needrop_en_429/vlm/b58aa1e50be2cd0e.md
yanbaopptmerge_yanbaoPPT_2400	repeated_ngram_span=400(n=4,rep=100);low_entropy_repeated_ngram=400;very_low_compression=0.066	7664	7735	0.06560322538235681	2	400	4	100	宏 观 经 济	0		yanbaopptmerge_yanbaoPPT_2400/vlm/cbca4db87de87deb.md	/mnt/sas-server-1/outputs/omnidocbench-v1.5/mineru2.5_trim_ptv4_ftv1_0529/yanbaopptmerge_yanbaoPPT_2400/vlm/cbca4db87de87deb.md
newspaper_TheBostonGlobe-2025-1-8@magazinesclubnew_page_025	same_token_run=101;repeated_ngram_span=396(n=2,rep=198);low_entropy_repeated_ngram=396	31028	57980	0.21355199134979275	101	396	2	198	/ A	56	.	newspaper_TheBostonGlobe-2025-1-8@magazinesclubnew_page_025/vlm/4c47161ad3a07049.md	/mnt/sas-server-1/outputs/omnidocbench-v1.5/mineru2.5_trim_ptv4_ftv1_0529/newspaper_TheBostonGlobe-2025-1-8@magazinesclubnew_page_025/vlm/4c47161ad3a07049.md
jiaocaineedrop_jiaocai_needrop_en_2604	repeated_ngram_span=280(n=10,rep=28);low_entropy_repeated_ngram=280	4381	8981	0.21554626134856678	3	280	10	28	- \angle AHF / ( \sqrt { 3 } )	0		jiaocaineedrop_jiaocai_needrop_en_2604/vlm/d0f87c71999e2e94.md	/mnt/sas-server-1/outputs/omnidocbench-v1.5/mineru2.5_trim_ptv4_ftv1_0529/jiaocaineedrop_jiaocai_needrop_en_2604/vlm/d0f87c71999e2e94.md
book_en_A.Concise.Introduction.to.Linear.Algebra,.Geza.Schay,.Birkhauser,.2012_page_065	same_token_run=100;repeated_ngram_span=273(n=7,rep=39);low_entropy_repeated_ngram=273;very_low_compression=0.062;char_run=102xQ	11406	22485	0.06184924801993415	100	273	7	39	[ \bar { n } ) =	102	Q	book_en_A.Concise.Introduction.to.Linear.Algebra,.Geza.Schay,.Birkhauser,.2012_page_065/vlm/3fa3c4c54bf4461e.md	/mnt/sas-server-1/outputs/omnidocbench-v1.5/mineru2.5_trim_ptv4_ftv1_0529/book_en_A.Concise.Introduction.to.Linear.Algebra,.Geza.Schay,.Birkhauser,.2012_page_065/vlm/3fa3c4c54bf4461e.md
PPT_ch7_page_090	same_token_run=57;repeated_ngram_span=273(n=7,rep=39);low_entropy_repeated_ngram=273;very_low_compression=0.114	2599	4655	0.11357281135728113	57	273	7	39	} \frac { o } { o	0		PPT_ch7_page_090/vlm/1be68a458567a564.md	/mnt/sas-server-1/outputs/omnidocbench-v1.5/mineru2.5_trim_ptv4_ftv1_0529/PPT_ch7_page_090/vlm/1be68a458567a564.md
PPT_lay_linalg5_01_05_page_005	repeated_ngram_span=255(n=5,rep=51);low_entropy_repeated_ngram=255	960	1660	0.20906344410876132	2	255	5	51	} } { { \sigma	0		PPT_lay_linalg5_01_05_page_005/vlm/019e674809a0d46c.md	/mnt/sas-server-1/outputs/omnidocbench-v1.5/mineru2.5_trim_ptv4_ftv1_0529/PPT_lay_linalg5_01_05_page_005/vlm/019e674809a0d46c.md
book_en_[搬书匠#20][HTML5 Canvas].2011.英文版_page_208	same_token_run=67;repeated_ngram_span=234(n=3,rep=78);low_entropy_repeated_ngram=234;very_low_compression=0.118	1383	4272	0.11834835708054667	67	234	3	78	} { \times	0		book_en_[搬书匠#20][HTML5 Canvas].2011.英文版_page_208/vlm/9a910747454efe18.md	/mnt/sas-server-1/outputs/omnidocbench-v1.5/mineru2.5_trim_ptv4_ftv1_0529/book_en_[搬书匠#20][HTML5 Canvas].2011.英文版_page_208/vlm/9a910747454efe18.md
book_zh_GB115041989_extracted_page_9	same_token_run=100;repeated_ngram_span=228(n=2,rep=114);low_entropy_repeated_ngram=228	3421	6411	0.21899080288342032	100	228	2	114	～ N	0		book_zh_GB115041989_extracted_page_9/vlm/b55dbfee10d54390.md	/mnt/sas-server-1/outputs/omnidocbench-v1.5/mineru2.5_trim_ptv4_ftv1_0529/book_zh_GB115041989_extracted_page_9/vlm/b55dbfee10d54390.md
magazine_TheEconomist.2024.02.24_page_076	repeated_ngram_span=217(n=7,rep=31)	1777	3418	0.3595538597006164	2	217	7	31	> < td > < / td	0		magazine_TheEconomist.2024.02.24_page_076/vlm/76e50d3cfceb2a6c.md	/mnt/sas-server-1/outputs/omnidocbench-v1.5/mineru2.5_trim_ptv4_ftv1_0529/magazine_TheEconomist.2024.02.24_page_076/vlm/76e50d3cfceb2a6c.md
PPT_lecture1_page_022	repeated_ngram_span=204(n=6,rep=34);low_entropy_repeated_ngram=204;very_low_compression=0.074	2211	3969	0.07358870967741936	4	204	6	34	\ \ 0 & - 1	0		PPT_lecture1_page_022/vlm/b7bb458322a449f0.md	/mnt/sas-server-1/outputs/omnidocbench-v1.5/mineru2.5_trim_ptv4_ftv1_0529/PPT_lecture1_page_022/vlm/b7bb458322a449f0.md
exam_paper_en-file-putnam-archive_1996_Solutions_1996s_page_003	repeated_ngram_span=201(n=3,rep=67)	2289	5542	0.371894832275612	3	201	3	67	\ \ 0	0		exam_paper_en-file-putnam-archive_1996_Solutions_1996s_page_003/vlm/ecb05137a7a1e01b.md	/mnt/sas-server-1/outputs/omnidocbench-v1.5/mineru2.5_trim_ptv4_ftv1_0529/exam_paper_en-file-putnam-archive_1996_Solutions_1996s_page_003/vlm/ecb05137a7a1e01b.md
jiaocaineedrop_jiaocai_needrop_en_664	same_token_run=200;repeated_ngram_span=200(n=1,rep=200);char_run=101x+	1537	2688	0.3821502412129566	200	200	1	200	+	101	+	jiaocaineedrop_jiaocai_needrop_en_664/vlm/5235b71bd1781fbe.md	/mnt/sas-server-1/outputs/omnidocbench-v1.5/mineru2.5_trim_ptv4_ftv1_0529/jiaocaineedrop_jiaocai_needrop_en_664/vlm/5235b71bd1781fbe.md
jiaocaineedrop_jiaocai_needrop_en_3063	same_token_run=100;repeated_ngram_span=200(n=2,rep=100);low_entropy_repeated_ngram=200;char_run=86x+	5234	13973	0.13509360156468286	100	200	2	100	q -	86	+	jiaocaineedrop_jiaocai_needrop_en_3063/vlm/4d5ad6e60f2dbaa5.md	/mnt/sas-server-1/outputs/omnidocbench-v1.5/mineru2.5_trim_ptv4_ftv1_0529/jiaocaineedrop_jiaocai_needrop_en_3063/vlm/4d5ad6e60f2dbaa5.md
newspaper_The Guardian UK_0801@magazinesclubnew_page_052	same_token_run=50;repeated_ngram_span=200(n=2,rep=100);low_entropy_repeated_ngram=200	9526	15659	0.16084050893201388	50	200	2	100	/ 9	0		newspaper_The Guardian UK_0801@magazinesclubnew_page_052/vlm/c4a2777adcdd42d3.md	/mnt/sas-server-1/outputs/omnidocbench-v1.5/mineru2.5_trim_ptv4_ftv1_0529/newspaper_The Guardian UK_0801@magazinesclubnew_page_052/vlm/c4a2777adcdd42d3.md
PPT_lay_linalg5_01_05_page_004	repeated_ngram_span=200(n=2,rep=100);low_entropy_repeated_ngram=200;very_low_compression=0.067	6344	12097	0.0670949902407287	34	200	2	100	1 /	0		PPT_lay_linalg5_01_05_page_004/vlm/2b019e0b2d18e100.md	/mnt/sas-server-1/outputs/omnidocbench-v1.5/mineru2.5_trim_ptv4_ftv1_0529/PPT_lay_linalg5_01_05_page_004/vlm/2b019e0b2d18e100.md
yanbaor2_1492d25d79af850815ea449254ea62418c3c7fd582792b5191e1879671ba1219.pdf_88	repeated_ngram_span=189(n=7,rep=27);low_entropy_repeated_ngram=189;very_low_compression=0.051	1992	2567	0.05063291139240506	1	189	7	27	> < td > < / td	0		yanbaor2_1492d25d79af850815ea449254ea62418c3c7fd582792b5191e1879671ba1219.pdf_88/vlm/c1c5d753533e7043.md	/mnt/sas-server-1/outputs/omnidocbench-v1.5/mineru2.5_trim_ptv4_ftv1_0529/yanbaor2_1492d25d79af850815ea449254ea62418c3c7fd582792b5191e1879671ba1219.pdf_88/vlm/c1c5d753533e7043.md
jiaocaineedrop_jiaocai_needrop_en_2518	repeated_ngram_span=187(n=11,rep=17);low_entropy_repeated_ngram=187	2728	4946	0.16128393104814742	5	187	11	17	\ \ { r } \ _ { 2 } ,	0		jiaocaineedrop_jiaocai_needrop_en_2518/vlm/de73a9fb9287b6d5.md	/mnt/sas-server-1/outputs/omnidocbench-v1.5/mineru2.5_trim_ptv4_ftv1_0529/jiaocaineedrop_jiaocai_needrop_en_2518/vlm/de73a9fb9287b6d5.md
jiaocai_jiaocai_en_91	repeated_ngram_span=187(n=11,rep=17);low_entropy_repeated_ngram=187	2317	3422	0.22567567567567567	2	187	11	17	} ^ { ( ) } \ _ { （ )	0		jiaocai_jiaocai_en_91/vlm/fd3fa4ff270ec6d1.md	/mnt/sas-server-1/outputs/omnidocbench-v1.5/mineru2.5_trim_ptv4_ftv1_0529/jiaocai_jiaocai_en_91/vlm/fd3fa4ff270ec6d1.md
scihub_jneurosci.16-15-04625.1996.pdf_2	repeated_ngram_span=175(n=7,rep=25)	4215	8719	0.2615031554790591	4	175	7	25	\ _ { in } / C	0		scihub_jneurosci.16-15-04625.1996.pdf_2/vlm/b080e90fdd8d4476.md	/mnt/sas-server-1/outputs/omnidocbench-v1.5/mineru2.5_trim_ptv4_ftv1_0529/scihub_jneurosci.16-15-04625.1996.pdf_2/vlm/b080e90fdd8d4476.md
newspaper_fe5ed29024932fad071afc53807b16ba_2	repeated_ngram_span=170(n=5,rep=34);low_entropy_repeated_ngram=170	3147	15709	0.17990001947672532	48	170	5	34	trade demand . Equals made	48	.	newspaper_fe5ed29024932fad071afc53807b16ba_2/vlm/a150c428e0d0c26c.md	/mnt/sas-server-1/outputs/omnidocbench-v1.5/mineru2.5_trim_ptv4_ftv1_0529/newspaper_fe5ed29024932fad071afc53807b16ba_2/vlm/a150c428e0d0c26c.md
book_zh_CNASGL0262018_extracted_page_82	repeated_ngram_span=155(n=5,rep=31)	1464	2855	0.3002585649644473	5	155	5	31	\sqrt { 9 } ,	0		book_zh_CNASGL0262018_extracted_page_82/vlm/63b9bbba301c4eb7.md	/mnt/sas-server-1/outputs/omnidocbench-v1.5/mineru2.5_trim_ptv4_ftv1_0529/book_zh_CNASGL0262018_extracted_page_82/vlm/63b9bbba301c4eb7.md
book_en_搬书匠-3282-Python Web Scraping 2nd Edition-2017-英文版_page_195	same_token_run=100;repeated_ngram_span=148(n=2,rep=74);low_entropy_repeated_ngram=148	2805	4425	0.13713646532438478	100	148	2	74	2 O	0		book_en_搬书匠-3282-Python Web Scraping 2nd Edition-2017-英文版_page_195/vlm/af0329eb47f19dd1.md	/mnt/sas-server-1/outputs/omnidocbench-v1.5/mineru2.5_trim_ptv4_ftv1_0529/book_en_搬书匠-3282-Python Web Scraping 2nd Edition-2017-英文版_page_195/vlm/af0329eb47f19dd1.md
jiaocaineedrop_jiaocai_needrop_en_3458	repeated_ngram_span=147(n=7,rep=21)	2532	4749	0.28074815794445496	3	147	7	21	= 0 ” \ $ \therefore S	0		jiaocaineedrop_jiaocai_needrop_en_3458/vlm/26fade75cca8ea0d.md	/mnt/sas-server-1/outputs/omnidocbench-v1.5/mineru2.5_trim_ptv4_ftv1_0529/jiaocaineedrop_jiaocai_needrop_en_3458/vlm/26fade75cca8ea0d.md
jiaocaineedrop_jiaocai_needrop_en_2263	repeated_ngram_span=147(n=7,rep=21);low_entropy_repeated_ngram=147	2562	5807	0.20755946562398175	2	147	7	21	) - ( \sqrt { n }	0		jiaocaineedrop_jiaocai_needrop_en_2263/vlm/d691b4dffa70d503.md	/mnt/sas-server-1/outputs/omnidocbench-v1.5/mineru2.5_trim_ptv4_ftv1_0529/jiaocaineedrop_jiaocai_needrop_en_2263/vlm/d691b4dffa70d503.md
docstructbench_llm-raw-scihub-o.O-s003950050126.pdf_6	repeated_ngram_span=147(n=7,rep=21);low_entropy_repeated_ngram=147;very_low_compression=0.112	2951	4427	0.1123671716029844	1	147	7	21	> < td > < / td	0		docstructbench_llm-raw-scihub-o.O-s003950050126.pdf_6/vlm/7b4246541c3c895a.md	/mnt/sas-server-1/outputs/omnidocbench-v1.5/mineru2.5_trim_ptv4_ftv1_0529/docstructbench_llm-raw-scihub-o.O-s003950050126.pdf_6/vlm/7b4246541c3c895a.md
book_zh_DLT10562007_extracted_page_17	repeated_ngram_span=143(n=11,rep=13)	1441	2608	0.27987132352941174	2	143	11	13	\quad \text { CAS 点 累 计 数 } \leq 100	0		book_zh_DLT10562007_extracted_page_17/vlm/ff0f28f836bebcf3.md	/mnt/sas-server-1/outputs/omnidocbench-v1.5/mineru2.5_trim_ptv4_ftv1_0529/book_zh_DLT10562007_extracted_page_17/vlm/ff0f28f836bebcf3.md
docstructbench_llm-raw-scihub-o.O-chem.200701981.pdf_9	low_entropy_repeated_ngram=130	6598	15191	0.2448323380799265	3	130	10	13	\mathrm { O } \ _ { 3 } \cdot	0		docstructbench_llm-raw-scihub-o.O-chem.200701981.pdf_9/vlm/3ac76661178e2b90.md	/mnt/sas-server-1/outputs/omnidocbench-v1.5/mineru2.5_trim_ptv4_ftv1_0529/docstructbench_llm-raw-scihub-o.O-chem.200701981.pdf_9/vlm/3ac76661178e2b90.md
eastmoney_c1c12db90c6ecfae16a8eafa49caecfbc0e5f5654140320fe127f7c09bde96c9.pdf_1	low_entropy_repeated_ngram=112;very_low_compression=0.084;char_run=100x9	12195	23070	0.08368140050121672	17	112	4	28	% 12 ． 05	100	9	eastmoney_c1c12db90c6ecfae16a8eafa49caecfbc0e5f5654140320fe127f7c09bde96c9.pdf_1/vlm/16f1a8b1d3facb16.md	/mnt/sas-server-1/outputs/omnidocbench-v1.5/mineru2.5_trim_ptv4_ftv1_0529/eastmoney_c1c12db90c6ecfae16a8eafa49caecfbc0e5f5654140320fe127f7c09bde96c9.pdf_1/vlm/16f1a8b1d3facb16.md
newspaper_Chicago Tribune_0801@magazinesclubnew_page_015	low_entropy_repeated_ngram=102;char_run=100x7	7422	36796	0.2232198393596019	2	102	3	34	OF THE COUNTY	100	7	newspaper_Chicago Tribune_0801@magazinesclubnew_page_015/vlm/f8088152f7ee7931.md	/mnt/sas-server-1/outputs/omnidocbench-v1.5/mineru2.5_trim_ptv4_ftv1_0529/newspaper_Chicago Tribune_0801@magazinesclubnew_page_015/vlm/f8088152f7ee7931.md
book_zh_GB149361994_extracted_page_7	same_token_run=100;char_run=98x+	1009	1978	0.3793920252664824	100	100	1	100	+	98	+	book_zh_GB149361994_extracted_page_7/vlm/260ca8c7aaac1c30.md	/mnt/sas-server-1/outputs/omnidocbench-v1.5/mineru2.5_trim_ptv4_ftv1_0529/book_zh_GB149361994_extracted_page_7/vlm/260ca8c7aaac1c30.md
book_en_国外数学教材-非数学专业教材-线性代数-Gilbert Strang—Linear Algebra and Its Applications 4e_0007	same_token_run=50	1279	3867	0.31358794492075864	50	100	2	50	& 2	0		book_en_国外数学教材-非数学专业教材-线性代数-Gilbert Strang—Linear Algebra and Its Applications 4e_0007/vlm/6d58f2ee62a255ae.md	/mnt/sas-server-1/outputs/omnidocbench-v1.5/mineru2.5_trim_ptv4_ftv1_0529/book_en_国外数学教材-非数学专业教材-线性代数-Gilbert Strang—Linear Algebra and Its Applications 4e_0007/vlm/6d58f2ee62a255ae.md
yanbaopptmerge_aec1bf4ddb8fb4996b0512e90b3bfb31c9b151919f5d7b4a4f658f4b1f762b9e.pdf_2	low_entropy_repeated_ngram=98	817	1088	0.20218579234972678	1	98	7	14	> < td > < / td	0		yanbaopptmerge_aec1bf4ddb8fb4996b0512e90b3bfb31c9b151919f5d7b4a4f658f4b1f762b9e.pdf_2/vlm/cb668cc30a931530.md	/mnt/sas-server-1/outputs/omnidocbench-v1.5/mineru2.5_trim_ptv4_ftv1_0529/yanbaopptmerge_aec1bf4ddb8fb4996b0512e90b3bfb31c9b151919f5d7b4a4f658f4b1f762b9e.pdf_2/vlm/cb668cc30a931530.md
scihub_s12237-014-9873-7.pdf_4	low_entropy_repeated_ngram=91	2105	3393	0.18632075471698112	2	91	7	13	> < td > < / td	0		scihub_s12237-014-9873-7.pdf_4/vlm/3c4028d6267981c8.md	/mnt/sas-server-1/outputs/omnidocbench-v1.5/mineru2.5_trim_ptv4_ftv1_0529/scihub_s12237-014-9873-7.pdf_4/vlm/3c4028d6267981c8.md
docstructbench_llm-raw-scihub-o.O-s10555-005-1578-8.pdf_5	low_entropy_repeated_ngram=91	3172	5198	0.15984555984555984	1	91	7	13	> < td > < / td	0		docstructbench_llm-raw-scihub-o.O-s10555-005-1578-8.pdf_5/vlm/2a35a74a37afc559.md	/mnt/sas-server-1/outputs/omnidocbench-v1.5/mineru2.5_trim_ptv4_ftv1_0529/docstructbench_llm-raw-scihub-o.O-s10555-005-1578-8.pdf_5/vlm/2a35a74a37afc559.md
eastmoney_2dea7cdb5a3e018ffec3c80eb4435de524f2a14bd32735b78f563adc355272ab.pdf_6	low_entropy_repeated_ngram=84	3255	4682	0.1981460023174971	2	84	7	12	> < / td > < td	0		eastmoney_2dea7cdb5a3e018ffec3c80eb4435de524f2a14bd32735b78f563adc355272ab.pdf_6/vlm/82cc0ff994c3c8a1.md	/mnt/sas-server-1/outputs/omnidocbench-v1.5/mineru2.5_trim_ptv4_ftv1_0529/eastmoney_2dea7cdb5a3e018ffec3c80eb4435de524f2a14bd32735b78f563adc355272ab.pdf_6/vlm/82cc0ff994c3c8a1.md
newspaper_Daily Star 2025-1-8@magazinesclubnew_page_060	very_low_compression=0.111	4448	6065	0.11101905550952776	1	70	7	10	> < td > < / td	0		newspaper_Daily Star 2025-1-8@magazinesclubnew_page_060/vlm/349031e6cc7405ff.md	/mnt/sas-server-1/outputs/omnidocbench-v1.5/mineru2.5_trim_ptv4_ftv1_0529/newspaper_Daily Star 2025-1-8@magazinesclubnew_page_060/vlm/349031e6cc7405ff.md
book_zh_DLT10902008_extracted_page_8	very_low_compression=0.119;char_run=100x0	1533	11717	0.11864264061973728	20	68	2	34	额 定	100	0	book_zh_DLT10902008_extracted_page_8/vlm/7adeda5c2587038b.md	/mnt/sas-server-1/outputs/omnidocbench-v1.5/mineru2.5_trim_ptv4_ftv1_0529/book_zh_DLT10902008_extracted_page_8/vlm/7adeda5c2587038b.md
jiaocaineedrop_jiaocai_needrop_en_458	same_token_run=52	1005	2352	0.32982201235016345	52	52	1	52	\cdots	0		jiaocaineedrop_jiaocai_needrop_en_458/vlm/83e90640f13bc5fb.md	/mnt/sas-server-1/outputs/omnidocbench-v1.5/mineru2.5_trim_ptv4_ftv1_0529/jiaocaineedrop_jiaocai_needrop_en_458/vlm/83e90640f13bc5fb.md
scihub_jb%2Fmvh022.pdf_1	char_run=100x3	2279	7553	0.24683042789223456	2	52	4	13	pNI 1000 but that	100	3	scihub_jb%2Fmvh022.pdf_1/vlm/4707778e1606eb7f.md	/mnt/sas-server-1/outputs/omnidocbench-v1.5/mineru2.5_trim_ptv4_ftv1_0529/scihub_jb%2Fmvh022.pdf_1/vlm/4707778e1606eb7f.md
book_en_国外数学教材-非数学专业教材-线性代数-Gilbert Strang—Linear Algebra and Its Applications 4e_0242	same_token_run=50	882	2866	0.337909186906019	50	50	1	50	\quad	0		book_en_国外数学教材-非数学专业教材-线性代数-Gilbert Strang—Linear Algebra and Its Applications 4e_0242/vlm/c34a8375a51b53f3.md	/mnt/sas-server-1/outputs/omnidocbench-v1.5/mineru2.5_trim_ptv4_ftv1_0529/book_en_国外数学教材-非数学专业教材-线性代数-Gilbert Strang—Linear Algebra and Its Applications 4e_0242/vlm/c34a8375a51b53f3.md
jiaocaineedrop_AMC8_V5.pdf_64	same_token_run=50	425	1323	0.37480798771121354	50	50	1	50	\quad	0		jiaocaineedrop_AMC8_V5.pdf_64/vlm/1b756196142ab173.md	/mnt/sas-server-1/outputs/omnidocbench-v1.5/mineru2.5_trim_ptv4_ftv1_0529/jiaocaineedrop_AMC8_V5.pdf_64/vlm/1b756196142ab173.md
yanbaor2_yanbaoPPT_5877	very_low_compression=0.037	1822	2383	0.03692824171212757	1	49	7	7	> < td > < / td	0		yanbaor2_yanbaoPPT_5877/vlm/37f8f3925496b051.md	/mnt/sas-server-1/outputs/omnidocbench-v1.5/mineru2.5_trim_ptv4_ftv1_0529/yanbaor2_yanbaoPPT_5877/vlm/37f8f3925496b051.md
notes_f7f010b78016aeebd76e56d9283eb67f_5	very_low_compression=0.020	2913	4397	0.019786217875824425	1	48	8	6	> < td > Surface < / td	0		notes_f7f010b78016aeebd76e56d9283eb67f_5/vlm/b37e9159dcdce003.md	/mnt/sas-server-1/outputs/omnidocbench-v1.5/mineru2.5_trim_ptv4_ftv1_0529/notes_f7f010b78016aeebd76e56d9283eb67f_5/vlm/b37e9159dcdce003.md
docstructbench_llm-raw-scihub-o.O-j.chroma.2005.03.134.pdf_6	very_low_compression=0.093	2155	3014	0.09320066334991708	1	35	7	5	> < td > < / td	0		docstructbench_llm-raw-scihub-o.O-j.chroma.2005.03.134.pdf_6/vlm/cbd24e3d7b44c8da.md	/mnt/sas-server-1/outputs/omnidocbench-v1.5/mineru2.5_trim_ptv4_ftv1_0529/docstructbench_llm-raw-scihub-o.O-j.chroma.2005.03.134.pdf_6/vlm/cbd24e3d7b44c8da.md
yanbaopptmerge_0dd24976bcc395ad595cf73b411d627e14c19ba0299bb3fa0d8108993d079545.pdf_8	very_low_compression=0.072	1232	1609	0.07230392156862746	1	35	7	5	> < / td > < td	0		yanbaopptmerge_0dd24976bcc395ad595cf73b411d627e14c19ba0299bb3fa0d8108993d079545.pdf_8/vlm/1ea2be88a12bc4e9.md	/mnt/sas-server-1/outputs/omnidocbench-v1.5/mineru2.5_trim_ptv4_ftv1_0529/yanbaopptmerge_0dd24976bcc395ad595cf73b411d627e14c19ba0299bb3fa0d8108993d079545.pdf_8/vlm/1ea2be88a12bc4e9.md
newspaper_TheWashingtonPost-2025-01-08@magazinesclubnew_page_042	char_run=100x2	6823	35989	0.15161119915478077	2	10	5	2	BWW Law Group , LLC	100	2	newspaper_TheWashingtonPost-2025-01-08@magazinesclubnew_page_042/vlm/3b77eb5bbd75744e.md	/mnt/sas-server-1/outputs/omnidocbench-v1.5/mineru2.5_trim_ptv4_ftv1_0529/newspaper_TheWashingtonPost-2025-01-08@magazinesclubnew_page_042/vlm/3b77eb5bbd75744e.md
